Study,Phase_Group,Inhibitor_System,Technique,Medium_Type,Molarity_M,Dose_Value,Dose_Unit,Concentration_ppm,Temp_C,Time_h,CR_mm_yr,IE_percent
P1-Temperature,P1,Ternary Blend (BL+PP+SW),Weight loss,Acid,1.0,50.0,ppm,50.0,40.0,,22.136809361576102,49.7496
P1-Temperature,P1,Ternary Blend (BL+PP+SW),Weight loss,Acid,1.0,100.0,ppm,100.0,40.0,,15.389364538586852,65.0663
P1-Temperature,P1,Ternary Blend (BL+PP+SW),Weight loss,Acid,1.0,150.0,ppm,150.0,40.0,,12.975855428825312,70.5449
P1-Temperature,P1,Ternary Blend (BL+PP+SW),Weight loss,Acid,1.0,200.0,ppm,200.0,40.0,,10.899718560213252,75.2577
P1-Temperature,P1,Ternary Blend (BL+PP+SW),Weight loss,Acid,1.0,250.0,ppm,250.0,40.0,,10.108191379054908,77.0545
P1-Temperature,P1,Ternary Blend (BL+PP+SW),Weight loss,Acid,1.0,0.0,ppm,0.0,40.0,,44.05302918086199,
P1-Temperature,P1,Ternary Blend (BL+PP+SW),Weight loss,Acid,1.0,50.0,ppm,50.0,50.0,,44.1957635905792,29.961
P1-Temperature,P1,Ternary Blend (BL+PP+SW),Weight loss,Acid,1.0,100.0,ppm,100.0,50.0,,34.39899274181607,45.486
P1-Temperature,P1,Ternary Blend (BL+PP+SW),Weight loss,Acid,1.0,150.0,ppm,150.0,50.0,,25.47160420678417,59.634
P1-Temperature,P1,Ternary Blend (BL+PP+SW),Weight loss,Acid,1.0,200.0,ppm,200.0,50.0,,23.4992741816027,62.76
P1-Temperature,P1,Ternary Blend (BL+PP+SW),Weight loss,Acid,1.0,250.0,ppm,250.0,50.0,,18.451666419789643,70.759
P1-Temperature,P1,Ternary Blend (BL+PP+SW),Weight loss,Acid,1.0,0.0,ppm,0.0,50.0,,63.101584950377706,0.0
P1-Temperature,P1,Ternary Blend (BL+PP+SW),Weight loss,Acid,1.0,50.0,ppm,50.0,60.0,,82.29287512961041,25.738
P1-Temperature,P1,Ternary Blend (BL+PP+SW),Weight loss,Acid,1.0,100.0,ppm,100.0,60.0,,63.37407791438298,42.81
P1-Temperature,P1,Ternary Blend (BL+PP+SW),Weight loss,Acid,1.0,150.0,ppm,150.0,60.0,,49.55479188268403,55.281
P1-Temperature,P1,Ternary Blend (BL+PP+SW),Weight loss,Acid,1.0,200.0,ppm,200.0,60.0,,48.06256850836913,56.628
P1-Temperature,P1,Ternary Blend (BL+PP+SW),Weight loss,Acid,1.0,250.0,ppm,250.0,60.0,,38.07115982817361,65.644
P1-Temperature,P1,Ternary Blend (BL+PP+SW),Weight loss,Acid,1.0,0.0,ppm,0.0,60.0,,110.81380536216858,0.0
P1-Temperature,P1,Ternary Blend (BL+PP+SW),Weight loss,Acid,1.0,50.0,ppm,50.0,70.0,,182.50540660642858,19.789
P1-Temperature,P1,Ternary Blend (BL+PP+SW),Weight loss,Acid,1.0,100.0,ppm,100.0,70.0,,134.50771737520364,40.884
P1-Temperature,P1,Ternary Blend (BL+PP+SW),Weight loss,Acid,1.0,150.0,ppm,150.0,70.0,,112.6563768330618,50.488
P1-Temperature,P1,Ternary Blend (BL+PP+SW),Weight loss,Acid,1.0,200.0,ppm,200.0,70.0,,98.5256702710709,56.698
P1-Temperature,P1,Ternary Blend (BL+PP+SW),Weight loss,Acid,1.0,250.0,ppm,250.0,70.0,,92.16750111094655,59.492
P1-Temperature,P1,Ternary Blend (BL+PP+SW),Weight loss,Acid,1.0,0.0,ppm,0.0,70.0,,227.5316249444527,0.0
P1-Temperature,P1,Ternary Blend (BL+PP+SW),Weight loss,Acid,1.0,50.0,ppm,50.0,80.0,,228.6345726559028,1.327
P1-Temperature,P1,Ternary Blend (BL+PP+SW),Weight loss,Acid,1.0,100.0,ppm,100.0,80.0,,227.40186639016432,1.859
P1-Temperature,P1,Ternary Blend (BL+PP+SW),Weight loss,Acid,1.0,150.0,ppm,150.0,80.0,,226.0783291364243,2.43
P1-Temperature,P1,Ternary Blend (BL+PP+SW),Weight loss,Acid,1.0,200.0,ppm,200.0,80.0,,223.5480373278033,3.522
P1-Temperature,P1,Ternary Blend (BL+PP+SW),Weight loss,Acid,1.0,250.0,ppm,250.0,80.0,,220.13538735002226,4.995
P1-Temperature,P1,Ternary Blend (BL+PP+SW),Weight loss,Acid,1.0,0.0,ppm,0.0,80.0,,231.70985039253443,0.0
P1-Time,P1,Ternary Blend (BL+PP+SW),Weight loss,Acid,1.0,50.0,ppm,50.0,,25.0,3.6825477707006518,81.436
P1-Time,P1,Ternary Blend (BL+PP+SW),Weight loss,Acid,1.0,100.0,ppm,100.0,,25.0,3.0856584209746702,84.445
P1-Time,P1,Ternary Blend (BL+PP+SW),Weight loss,Acid,1.0,150.0,ppm,150.0,,25.0,2.9662805510294787,85.047
P1-Time,P1,Ternary Blend (BL+PP+SW),Weight loss,Acid,1.0,200.0,ppm,200.0,,25.0,2.514720782106348,87.323
P1-Time,P1,Ternary Blend (BL+PP+SW),Weight loss,Acid,1.0,250.0,ppm,250.0,,25.0,2.359010516960438,88.108
P1-Time,P1,Ternary Blend (BL+PP+SW),Weight loss,Acid,1.0,0.0,ppm,0.0,,25.0,19.837487779588216,0.0
P1-Time,P1,Ternary Blend (BL+PP+SW),Weight loss,Acid,1.0,50.0,ppm,50.0,,50.0,3.8577218189897775,78.585
P1-Time,P1,Ternary Blend (BL+PP+SW),Weight loss,Acid,1.0,100.0,ppm,100.0,,50.0,3.3659368982373024,81.315
P1-Time,P1,Ternary Blend (BL+PP+SW),Weight loss,Acid,1.0,150.0,ppm,150.0,,50.0,3.054516367945481,83.044
P1-Time,P1,Ternary Blend (BL+PP+SW),Weight loss,Acid,1.0,200.0,ppm,200.0,,50.0,2.8520930232558164,84.168
P1-Time,P1,Ternary Blend (BL+PP+SW),Weight loss,Acid,1.0,250.0,ppm,250.0,,50.0,2.772940305139982,84.607
P1-Time,P1,Ternary Blend (BL+PP+SW),Weight loss,Acid,1.0,0.0,ppm,0.0,,50.0,18.01438009183824,0.0
P1-Time,P1,Ternary Blend (BL+PP+SW),Weight loss,Acid,1.0,50.0,ppm,50.0,,75.0,3.853829062361131,77.363
P1-Time,P1,Ternary Blend (BL+PP+SW),Weight loss,Acid,1.0,100.0,ppm,100.0,,75.0,3.2405036290919864,80.965
P1-Time,P1,Ternary Blend (BL+PP+SW),Weight loss,Acid,1.0,150.0,ppm,150.0,,75.0,3.1600533254332728,81.438
P1-Time,P1,Ternary Blend (BL+PP+SW),Weight loss,Acid,1.0,200.0,ppm,200.0,,75.0,3.1168004740038553,81.692
P1-Time,P1,Ternary Blend (BL+PP+SW),Weight loss,Acid,1.0,250.0,ppm,250.0,,75.0,2.7439608946822664,83.882
P1-Time,P1,Ternary Blend (BL+PP+SW),Weight loss,Acid,1.0,0.0,ppm,0.0,,75.0,17.024322322618872,0.0
P1-Time,P1,Ternary Blend (BL+PP+SW),Weight loss,Acid,1.0,50.0,ppm,50.0,,100.0,4.049115686564949,75.804
P1-Time,P1,Ternary Blend (BL+PP+SW),Weight loss,Acid,1.0,100.0,ppm,100.0,,100.0,3.376317582580361,79.825
P1-Time,P1,Ternary Blend (BL+PP+SW),Weight loss,Acid,1.0,150.0,ppm,150.0,,100.0,3.3140334765219945,80.197
P1-Time,P1,Ternary Blend (BL+PP+SW),Weight loss,Acid,1.0,200.0,ppm,200.0,,100.0,3.0175351799733408,81.969
P1-Time,P1,Ternary Blend (BL+PP+SW),Weight loss,Acid,1.0,250.0,ppm,250.0,,100.0,2.8696104280847248,82.853
P1-Time,P1,Ternary Blend (BL+PP+SW),Weight loss,Acid,1.0,0.0,ppm,0.0,,100.0,16.734960746556066,0.0
P1-Time,P1,Ternary Blend (BL+PP+SW),Weight loss,Acid,1.0,50.0,ppm,50.0,,125.0,3.9264938527625532,74.589
P1-Time,P1,Ternary Blend (BL+PP+SW),Weight loss,Acid,1.0,100.0,ppm,100.0,,125.0,3.7801262035254033,75.536
P1-Time,P1,Ternary Blend (BL+PP+SW),Weight loss,Acid,1.0,150.0,ppm,150.0,,125.0,3.4910241445711754,77.407
P1-Time,P1,Ternary Blend (BL+PP+SW),Weight loss,Acid,1.0,200.0,ppm,200.0,,125.0,3.3802103392090066,78.124
P1-Time,P1,Ternary Blend (BL+PP+SW),Weight loss,Acid,1.0,250.0,ppm,250.0,,125.0,3.1193956450896163,79.812
P1-Time,P1,Ternary Blend (BL+PP+SW),Weight loss,Acid,1.0,0.0,ppm,0.0,,125.0,15.451648644645237,0.0
P1-DoE-Blend,P1,Ternary Blend (BL+PP+SW),Weight loss,Acid,,15.0,mL_blend,,,25.0,12.4844,68.801
P1-DoE-Blend,P1,Ternary Blend (BL+PP+SW),Weight loss,Acid,,15.0,mL_blend,,,15.0,2.02415,84.714
P1-DoE-Blend,P1,Ternary Blend (BL+PP+SW),Weight loss,Acid,,15.0,mL_blend,,,15.0,1.88921,85.7331
P1-DoE-Blend,P1,Ternary Blend (BL+PP+SW),Weight loss,Acid,,15.0,mL_blend,,,5.0,2.73,86.6111
P1-DoE-Blend,P1,Ternary Blend (BL+PP+SW),Weight loss,Acid,,15.0,mL_blend,,,15.0,1.63673,87.6397
P1-DoE-Blend,P1,Ternary Blend (BL+PP+SW),Weight loss,Acid,,15.0,mL_blend,,,15.0,1.90662,85.6016
P1-DoE-Blend,P1,Ternary Blend (BL+PP+SW),Weight loss,Acid,,15.0,mL_blend,,,25.0,12.9,67.7501
P1-DoE-Blend,P1,Ternary Blend (BL+PP+SW),Weight loss,Acid,,15.0,mL_blend,,,11.6667,2.3,86.6111
P1-DoE-Blend,P1,Ternary Blend (BL+PP+SW),Weight loss,Acid,,15.0,mL_blend,,,20.0,1.94,82.9303
P1-DoE-Blend,P1,Ternary Blend (BL+PP+SW),Weight loss,Acid,,15.0,mL_blend,,,10.0,2.44,84.4037
P1-DoE-Blend,P1,Ternary Blend (BL+PP+SW),Weight loss,Acid,,15.0,mL_blend,,,15.0,2.12,84.02
P1-DoE-Blend,P1,Ternary Blend (BL+PP+SW),Weight loss,Acid,,15.0,mL_blend,,,25.0,12.9,62.0
P1-DoE-Blend,P1,Ternary Blend (BL+PP+SW),Weight loss,Acid,,15.0,mL_blend,,,25.0,3.22,68.67
P1-DoE-Blend,P1,Ternary Blend (BL+PP+SW),Weight loss,Acid,,15.0,mL_blend,,,15.0,1.64979,87.5411
P1-DoE-Blend,P1,Ternary Blend (BL+PP+SW),Weight loss,Acid,,15.0,mL_blend,,,15.0,1.81521,86.2919
P1-DoE-Blend,P1,Ternary Blend (BL+PP+SW),Weight loss,Acid,,15.0,mL_blend,,,10.0,2.16,86.2
P1-DoE-Blend,P1,Ternary Blend (BL+PP+SW),Weight loss,Acid,,15.0,mL_blend,,,15.0,2.16,83.66
P1-DoE-Blend,P1,Ternary Blend (BL+PP+SW),Weight loss,Acid,,15.0,mL_blend,,,18.3333,2.31,83.4889
P1-DoE-Blend,P1,Ternary Blend (BL+PP+SW),Weight loss,Acid,,15.0,mL_blend,,,25.0,12.38,69.06
P1-DoE-Blend,P1,Ternary Blend (BL+PP+SW),Weight loss,Acid,,15.0,mL_blend,,,5.0,2.72934,86.6111
P1-DoE-Blend,P1,Ternary Blend (BL+PP+SW),Weight loss,Acid,,15.0,mL_blend,,,5.0,2.08945,89.7502
P1-DoE-Blend,P1,Ternary Blend (BL+PP+SW),Weight loss,Acid,,15.0,mL_blend,,,5.0,2.49428,87.7643
P1-DoE-Blend,P1,Ternary Blend (BL+PP+SW),Weight loss,Acid,,15.0,mL_blend,,,20.0,2.14,81.12
P1-DoE-Blend,P1,Ternary Blend (BL+PP+SW),Weight loss,Acid,,15.0,mL_blend,,,15.0,1.87,85.86
P1-DoE-Blend,P1,Ternary Blend (BL+PP+SW),Weight loss,Acid,,15.0,mL_blend,,,10.0,2.19,85.99
P1-DoE-Blend,P1,Ternary Blend (BL+PP+SW),Weight loss,Acid,,15.0,mL_blend,,,5.0,2.35063,88.4689
P1-DoE-Blend,P1,Ternary Blend (BL+PP+SW),Weight loss,Acid,,15.0,mL_blend,,,5.0,2.65098,86.9955
P1-DoE-Blend,P1,Ternary Blend (BL+PP+SW),Weight loss,Acid,,15.0,mL_blend,,,25.0,3.22,61.95
P2-Temperature,P2,Single Green Inhibitor,Weight loss,Acid,0.5,50.0,ppm,50.0,30.0,6.0,15.7,32.7
P2-Temperature,P2,Single Green Inhibitor,Weight loss,Acid,0.5,150.0,ppm,150.0,30.0,6.0,14.4,38.3
P2-Temperature,P2,Single Green Inhibitor,Weight loss,Acid,0.5,250.0,ppm,250.0,30.0,6.0,10.0,57.0
P2-Temperature,P2,Single Green Inhibitor,Weight loss,Acid,0.5,350.0,ppm,350.0,30.0,6.0,4.0,82.7
P2-Temperature,P2,Single Green Inhibitor,Weight loss,Acid,0.5,450.0,ppm,450.0,30.0,6.0,2.1,90.8
P2-Temperature,P2,Single Green Inhibitor,Weight loss,Acid,0.5,0.0,ppm,0.0,30.0,6.0,23.3,
P2-Temperature,P2,Single Green Inhibitor,Weight loss,Acid,0.5,50.0,ppm,50.0,40.0,6.0,34.1,31.1
P2-Temperature,P2,Single Green Inhibitor,Weight loss,Acid,0.5,150.0,ppm,150.0,40.0,6.0,32.1,35.0
P2-Temperature,P2,Single Green Inhibitor,Weight loss,Acid,0.5,250.0,ppm,250.0,40.0,6.0,21.8,55.9
P2-Temperature,P2,Single Green Inhibitor,Weight loss,Acid,0.5,350.0,ppm,350.0,40.0,6.0,10.9,78.0
P2-Temperature,P2,Single Green Inhibitor,Weight loss,Acid,0.5,450.0,ppm,450.0,40.0,6.0,9.9,79.9
P2-Temperature,P2,Single Green Inhibitor,Weight loss,Acid,0.5,0.0,ppm,0.0,40.0,6.0,49.4,
P2-Temperature,P2,Single Green Inhibitor,Weight loss,Acid,0.5,50.0,ppm,50.0,50.0,6.0,58.8,22.0
P2-Temperature,P2,Single Green Inhibitor,Weight loss,Acid,0.5,150.0,ppm,150.0,50.0,6.0,58.0,23.0
P2-Temperature,P2,Single Green Inhibitor,Weight loss,Acid,0.5,250.0,ppm,250.0,50.0,6.0,45.9,39.0
P2-Temperature,P2,Single Green Inhibitor,Weight loss,Acid,0.5,350.0,ppm,350.0,50.0,6.0,35.4,53.0
P2-Temperature,P2,Single Green Inhibitor,Weight loss,Acid,0.5,450.0,ppm,450.0,50.0,6.0,27.1,64.0
P2-Temperature,P2,Single Green Inhibitor,Weight loss,Acid,0.5,0.0,ppm,0.0,50.0,6.0,75.3,
P2-Temperature,P2,Single Green Inhibitor,Weight loss,Acid,0.5,50.0,ppm,50.0,60.0,6.0,101.9,19.0
P2-Temperature,P2,Single Green Inhibitor,Weight loss,Acid,0.5,150.0,ppm,150.0,60.0,6.0,100.6,20.0
P2-Temperature,P2,Single Green Inhibitor,Weight loss,Acid,0.5,250.0,ppm,250.0,60.0,6.0,86.7,31.0
P2-Temperature,P2,Single Green Inhibitor,Weight loss,Acid,0.5,350.0,ppm,350.0,60.0,6.0,74.1,41.0
P2-Temperature,P2,Single Green Inhibitor,Weight loss,Acid,0.5,450.0,ppm,450.0,60.0,6.0,67.9,46.0
P2-Temperature,P2,Single Green Inhibitor,Weight loss,Acid,0.5,0.0,ppm,0.0,60.0,6.0,125.7,
P2-Temperature,P2,Single Green Inhibitor,Weight loss,Acid,0.5,50.0,ppm,50.0,70.0,6.0,167.3,13.1
P2-Temperature,P2,Single Green Inhibitor,Weight loss,Acid,0.5,150.0,ppm,150.0,70.0,6.0,167.4,13.0
P2-Temperature,P2,Single Green Inhibitor,Weight loss,Acid,0.5,250.0,ppm,250.0,70.0,6.0,155.8,19.0
P2-Temperature,P2,Single Green Inhibitor,Weight loss,Acid,0.5,350.0,ppm,350.0,70.0,6.0,138.5,28.0
P2-Temperature,P2,Single Green Inhibitor,Weight loss,Acid,0.5,450.0,ppm,450.0,70.0,6.0,132.8,31.0
P2-Temperature,P2,Single Green Inhibitor,Weight loss,Acid,0.5,0.0,ppm,0.0,70.0,6.0,192.4,
P2-Temperature,P2,Single Green Inhibitor,Weight loss,Acid,1.0,50.0,ppm,50.0,30.0,6.0,65.0,35.0
P2-Temperature,P2,Single Green Inhibitor,Weight loss,Acid,1.0,150.0,ppm,150.0,30.0,6.0,62.0,37.9
P2-Temperature,P2,Single Green Inhibitor,Weight loss,Acid,1.0,250.0,ppm,250.0,30.0,6.0,33.0,67.0
P2-Temperature,P2,Single Green Inhibitor,Weight loss,Acid,1.0,350.0,ppm,350.0,30.0,6.0,26.0,74.0
P2-Temperature,P2,Single Green Inhibitor,Weight loss,Acid,1.0,450.0,ppm,450.0,30.0,6.0,15.0,85.0
P2-Temperature,P2,Single Green Inhibitor,Weight loss,Acid,1.0,0.0,ppm,0.0,30.0,6.0,99.9,
P2-Temperature,P2,Single Green Inhibitor,Weight loss,Acid,1.0,50.0,ppm,50.0,40.0,6.0,36.6,34.0
P2-Temperature,P2,Single Green Inhibitor,Weight loss,Acid,1.0,150.0,ppm,150.0,40.0,6.0,36.3,34.4
P2-Temperature,P2,Single Green Inhibitor,Weight loss,Acid,1.0,250.0,ppm,250.0,40.0,6.0,18.8,66.0
P2-Temperature,P2,Single Green Inhibitor,Weight loss,Acid,1.0,350.0,ppm,350.0,40.0,6.0,15.9,71.3
P2-Temperature,P2,Single Green Inhibitor,Weight loss,Acid,1.0,450.0,ppm,450.0,40.0,6.0,11.1,80.0
P2-Temperature,P2,Single Green Inhibitor,Weight loss,Acid,1.0,0.0,ppm,0.0,40.0,6.0,55.4,
P2-Temperature,P2,Single Green Inhibitor,Weight loss,Acid,1.0,50.0,ppm,50.0,50.0,6.0,88.3,20.0
P2-Temperature,P2,Single Green Inhibitor,Weight loss,Acid,1.0,150.0,ppm,150.0,50.0,6.0,85.0,23.0
P2-Temperature,P2,Single Green Inhibitor,Weight loss,Acid,1.0,250.0,ppm,250.0,50.0,6.0,65.1,41.0
P2-Temperature,P2,Single Green Inhibitor,Weight loss,Acid,1.0,350.0,ppm,350.0,50.0,6.0,50.7,54.0
P2-Temperature,P2,Single Green Inhibitor,Weight loss,Acid,1.0,450.0,ppm,450.0,50.0,6.0,42.1,61.8
P2-Temperature,P2,Single Green Inhibitor,Weight loss,Acid,1.0,0.0,ppm,0.0,50.0,6.0,110.3,
P2-Temperature,P2,Single Green Inhibitor,Weight loss,Acid,1.0,50.0,ppm,50.0,60.0,6.0,144.3,16.0
P2-Temperature,P2,Single Green Inhibitor,Weight loss,Acid,1.0,150.0,ppm,150.0,60.0,6.0,140.9,18.0
P2-Temperature,P2,Single Green Inhibitor,Weight loss,Acid,1.0,250.0,ppm,250.0,60.0,6.0,122.0,29.0
P2-Temperature,P2,Single Green Inhibitor,Weight loss,Acid,1.0,350.0,ppm,350.0,60.0,6.0,32.5,81.1
P2-Temperature,P2,Single Green Inhibitor,Weight loss,Acid,1.0,450.0,ppm,450.0,60.0,6.0,101.4,41.0
P2-Temperature,P2,Single Green Inhibitor,Weight loss,Acid,1.0,0.0,ppm,0.0,60.0,6.0,171.8,
P2-Temperature,P2,Single Green Inhibitor,Weight loss,Acid,1.0,50.0,ppm,50.0,70.0,6.0,305.6,9.0
P2-Temperature,P2,Single Green Inhibitor,Weight loss,Acid,1.0,150.0,ppm,150.0,70.0,6.0,298.9,11.0
P2-Temperature,P2,Single Green Inhibitor,Weight loss,Acid,1.0,250.0,ppm,250.0,70.0,6.0,285.4,15.0
P2-Temperature,P2,Single Green Inhibitor,Weight loss,Acid,1.0,350.0,ppm,350.0,70.0,6.0,278.7,17.0
P2-Temperature,P2,Single Green Inhibitor,Weight loss,Acid,1.0,450.0,ppm,450.0,70.0,6.0,228.3,32.0
P2-Temperature,P2,Single Green Inhibitor,Weight loss,Acid,1.0,0.0,ppm,0.0,70.0,6.0,335.8,
P2-Temperature,P2,Single Green Inhibitor,Weight loss,Acid,1.5,50.0,ppm,50.0,30.0,6.0,13.8,47.7
P2-Temperature,P2,Single Green Inhibitor,Weight loss,Acid,1.5,150.0,ppm,150.0,30.0,6.0,7.4,72.0
P2-Temperature,P2,Single Green Inhibitor,Weight loss,Acid,1.5,250.0,ppm,250.0,30.0,6.0,5.0,81.1
P2-Temperature,P2,Single Green Inhibitor,Weight loss,Acid,1.5,350.0,ppm,350.0,30.0,6.0,3.2,88.1
P2-Temperature,P2,Single Green Inhibitor,Weight loss,Acid,1.5,450.0,ppm,450.0,30.0,6.0,2.1,92.2
P2-Temperature,P2,Single Green Inhibitor,Weight loss,Acid,1.5,0.0,ppm,0.0,30.0,6.0,26.4,
P2-Temperature,P2,Single Green Inhibitor,Weight loss,Acid,1.5,50.0,ppm,50.0,40.0,6.0,45.4,45.0
P2-Temperature,P2,Single Green Inhibitor,Weight loss,Acid,1.5,150.0,ppm,150.0,40.0,6.0,24.7,70.1
P2-Temperature,P2,Single Green Inhibitor,Weight loss,Acid,1.5,250.0,ppm,250.0,40.0,6.0,18.9,77.0
P2-Temperature,P2,Single Green Inhibitor,Weight loss,Acid,1.5,350.0,ppm,350.0,40.0,6.0,10.2,87.7
P2-Temperature,P2,Single Green Inhibitor,Weight loss,Acid,1.5,450.0,ppm,450.0,40.0,6.0,8.3,90.0
P2-Temperature,P2,Single Green Inhibitor,Weight loss,Acid,1.5,0.0,ppm,0.0,40.0,6.0,82.5,
P2-Temperature,P2,Single Green Inhibitor,Weight loss,Acid,1.5,50.0,ppm,50.0,50.0,6.0,85.2,35.0
P2-Temperature,P2,Single Green Inhibitor,Weight loss,Acid,1.5,150.0,ppm,150.0,50.0,6.0,66.9,49.0
P2-Temperature,P2,Single Green Inhibitor,Weight loss,Acid,1.5,250.0,ppm,250.0,50.0,6.0,61.6,53.0
P2-Temperature,P2,Single Green Inhibitor,Weight loss,Acid,1.5,350.0,ppm,350.0,50.0,6.0,44.6,66.0
P2-Temperature,P2,Single Green Inhibitor,Weight loss,Acid,1.5,450.0,ppm,450.0,50.0,6.0,38.0,71.0
P2-Temperature,P2,Single Green Inhibitor,Weight loss,Acid,1.5,0.0,ppm,0.0,50.0,6.0,131.1,
P2-Temperature,P2,Single Green Inhibitor,Weight loss,Acid,1.5,50.0,ppm,50.0,60.0,6.0,206.7,19.0
P2-Temperature,P2,Single Green Inhibitor,Weight loss,Acid,1.5,150.0,ppm,150.0,60.0,6.0,198.9,22.0
P2-Temperature,P2,Single Green Inhibitor,Weight loss,Acid,1.5,250.0,ppm,250.0,60.0,6.0,186.2,27.0
P2-Temperature,P2,Single Green Inhibitor,Weight loss,Acid,1.5,350.0,ppm,350.0,60.0,6.0,186.2,27.0
P2-Temperature,P2,Single Green Inhibitor,Weight loss,Acid,1.5,450.0,ppm,450.0,60.0,6.0,181.1,29.0
P2-Temperature,P2,Single Green Inhibitor,Weight loss,Acid,1.5,0.0,ppm,0.0,60.0,6.0,255.1,
P2-Temperature,P2,Single Green Inhibitor,Weight loss,Acid,1.5,50.0,ppm,50.0,70.0,6.0,470.9,8.3
P2-Temperature,P2,Single Green Inhibitor,Weight loss,Acid,1.5,150.0,ppm,150.0,70.0,6.0,476.1,7.3
P2-Temperature,P2,Single Green Inhibitor,Weight loss,Acid,1.5,250.0,ppm,250.0,70.0,6.0,455.3,11.3
P2-Temperature,P2,Single Green Inhibitor,Weight loss,Acid,1.5,350.0,ppm,350.0,70.0,6.0,450.2,12.3
P2-Temperature,P2,Single Green Inhibitor,Weight loss,Acid,1.5,450.0,ppm,450.0,70.0,6.0,398.4,22.4
P2-Temperature,P2,Single Green Inhibitor,Weight loss,Acid,1.5,0.0,ppm,0.0,70.0,6.0,513.4,
P2-Time,P2,Single Green Inhibitor,Weight loss,Acid,0.5,50.0,ppm,50.0,,3.0,40.3,26.3
P2-Time,P2,Single Green Inhibitor,Weight loss,Acid,0.5,150.0,ppm,150.0,,3.0,32.2,41.0
P2-Time,P2,Single Green Inhibitor,Weight loss,Acid,0.5,250.0,ppm,250.0,,3.0,22.0,59.8
P2-Time,P2,Single Green Inhibitor,Weight loss,Acid,0.5,350.0,ppm,350.0,,3.0,5.2,90.4
P2-Time,P2,Single Green Inhibitor,Weight loss,Acid,0.5,450.0,ppm,450.0,,3.0,2.4,95.6
P2-Time,P2,Single Green Inhibitor,Weight loss,Acid,0.5,0.0,ppm,0.0,,3.0,54.6,
P2-Time,P2,Single Green Inhibitor,Weight loss,Acid,0.5,50.0,ppm,50.0,,6.0,15.7,32.7
P2-Time,P2,Single Green Inhibitor,Weight loss,Acid,0.5,150.0,ppm,150.0,,6.0,14.4,38.3
P2-Time,P2,Single Green Inhibitor,Weight loss,Acid,0.5,250.0,ppm,250.0,,6.0,10.0,57.0
P2-Time,P2,Single Green Inhibitor,Weight loss,Acid,0.5,350.0,ppm,350.0,,6.0,4.0,82.7
P2-Time,P2,Single Green Inhibitor,Weight loss,Acid,0.5,450.0,ppm,450.0,,6.0,2.1,90.8
P2-Time,P2,Single Green Inhibitor,Weight loss,Acid,0.5,0.0,ppm,0.0,,6.0,23.3,
P2-Time,P2,Single Green Inhibitor,Weight loss,Acid,0.5,50.0,ppm,50.0,,9.0,15.5,29.1
P2-Time,P2,Single Green Inhibitor,Weight loss,Acid,0.5,150.0,ppm,150.0,,9.0,14.4,34.1
P2-Time,P2,Single Green Inhibitor,Weight loss,Acid,0.5,250.0,ppm,250.0,,9.0,11.2,49.0
P2-Time,P2,Single Green Inhibitor,Weight loss,Acid,0.5,350.0,ppm,350.0,,9.0,4.6,79.1
P2-Time,P2,Single Green Inhibitor,Weight loss,Acid,0.5,450.0,ppm,450.0,,9.0,4.9,77.8
P2-Time,P2,Single Green Inhibitor,Weight loss,Acid,0.5,0.0,ppm,0.0,,9.0,21.9,
P2-Time,P2,Single Green Inhibitor,Weight loss,Acid,0.5,50.0,ppm,50.0,,12.0,11.5,27.2
P2-Time,P2,Single Green Inhibitor,Weight loss,Acid,0.5,150.0,ppm,150.0,,12.0,9.9,37.2
P2-Time,P2,Single Green Inhibitor,Weight loss,Acid,0.5,250.0,ppm,250.0,,12.0,9.5,40.0
P2-Time,P2,Single Green Inhibitor,Weight loss,Acid,0.5,350.0,ppm,350.0,,12.0,4.7,70.0
P2-Time,P2,Single Green Inhibitor,Weight loss,Acid,0.5,450.0,ppm,450.0,,12.0,3.8,76.2
P2-Time,P2,Single Green Inhibitor,Weight loss,Acid,0.5,0.0,ppm,0.0,,12.0,15.8,
P2-Time,P2,Single Green Inhibitor,Weight loss,Acid,0.5,50.0,ppm,50.0,,15.0,11.7,29.8
P2-Time,P2,Single Green Inhibitor,Weight loss,Acid,0.5,150.0,ppm,150.0,,15.0,10.1,39.0
P2-Time,P2,Single Green Inhibitor,Weight loss,Acid,0.5,250.0,ppm,250.0,,15.0,10.1,39.0
P2-Time,P2,Single Green Inhibitor,Weight loss,Acid,0.5,350.0,ppm,350.0,,15.0,4.5,73.0
P2-Time,P2,Single Green Inhibitor,Weight loss,Acid,0.5,450.0,ppm,450.0,,15.0,4.2,74.9
P2-Time,P2,Single Green Inhibitor,Weight loss,Acid,0.5,0.0,ppm,0.0,,15.0,16.6,
P2-Time,P2,Single Green Inhibitor,Weight loss,Acid,1.0,50.0,ppm,50.0,,3.0,17.6,34.7
P2-Time,P2,Single Green Inhibitor,Weight loss,Acid,1.0,150.0,ppm,150.0,,3.0,16.5,38.7
P2-Time,P2,Single Green Inhibitor,Weight loss,Acid,1.0,250.0,ppm,250.0,,3.0,8.3,69.4
P2-Time,P2,Single Green Inhibitor,Weight loss,Acid,1.0,350.0,ppm,350.0,,3.0,7.2,73.4
P2-Time,P2,Single Green Inhibitor,Weight loss,Acid,1.0,450.0,ppm,450.0,,3.0,3.0,88.7
P2-Time,P2,Single Green Inhibitor,Weight loss,Acid,1.0,0.0,ppm,0.0,,3.0,27.0,
P2-Time,P2,Single Green Inhibitor,Weight loss,Acid,1.0,50.0,ppm,50.0,,6.0,65.0,35.0
P2-Time,P2,Single Green Inhibitor,Weight loss,Acid,1.0,150.0,ppm,150.0,,6.0,62.0,37.9
P2-Time,P2,Single Green Inhibitor,Weight loss,Acid,1.0,250.0,ppm,250.0,,6.0,33.0,67.0
P2-Time,P2,Single Green Inhibitor,Weight loss,Acid,1.0,350.0,ppm,350.0,,6.0,26.0,74.0
P2-Time,P2,Single Green Inhibitor,Weight loss,Acid,1.0,450.0,ppm,450.0,,6.0,15.0,85.0
P2-Time,P2,Single Green Inhibitor,Weight loss,Acid,1.0,0.0,ppm,0.0,,6.0,99.9,
P2-Time,P2,Single Green Inhibitor,Weight loss,Acid,1.0,50.0,ppm,50.0,,9.0,20.2,31.0
P2-Time,P2,Single Green Inhibitor,Weight loss,Acid,1.0,150.0,ppm,150.0,,9.0,18.7,36.0
P2-Time,P2,Single Green Inhibitor,Weight loss,Acid,1.0,250.0,ppm,250.0,,9.0,9.6,67.0
P2-Time,P2,Single Green Inhibitor,Weight loss,Acid,1.0,350.0,ppm,350.0,,9.0,7.9,73.0
P2-Time,P2,Single Green Inhibitor,Weight loss,Acid,1.0,450.0,ppm,450.0,,9.0,5.6,80.9
P2-Time,P2,Single Green Inhibitor,Weight loss,Acid,1.0,0.0,ppm,0.0,,9.0,29.2,
P2-Time,P2,Single Green Inhibitor,Weight loss,Acid,1.0,50.0,ppm,50.0,,12.0,20.6,25.0
P2-Time,P2,Single Green Inhibitor,Weight loss,Acid,1.0,150.0,ppm,150.0,,12.0,19.4,29.2
P2-Time,P2,Single Green Inhibitor,Weight loss,Acid,1.0,250.0,ppm,250.0,,12.0,10.3,62.5
P2-Time,P2,Single Green Inhibitor,Weight loss,Acid,1.0,350.0,ppm,350.0,,12.0,8.3,69.8
P2-Time,P2,Single Green Inhibitor,Weight loss,Acid,1.0,450.0,ppm,450.0,,12.0,6.9,75.0
P2-Time,P2,Single Green Inhibitor,Weight loss,Acid,1.0,0.0,ppm,0.0,,12.0,27.4,
P2-Time,P2,Single Green Inhibitor,Weight loss,Acid,1.0,50.0,ppm,50.0,,15.0,13.4,28.1
P2-Time,P2,Single Green Inhibitor,Weight loss,Acid,1.0,150.0,ppm,150.0,,15.0,13.0,30.0
P2-Time,P2,Single Green Inhibitor,Weight loss,Acid,1.0,250.0,ppm,250.0,,15.0,6.9,63.0
P2-Time,P2,Single Green Inhibitor,Weight loss,Acid,1.0,350.0,ppm,350.0,,15.0,5.4,71.2
P2-Time,P2,Single Green Inhibitor,Weight loss,Acid,1.0,450.0,ppm,450.0,,15.0,4.3,76.8
P2-Time,P2,Single Green Inhibitor,Weight loss,Acid,1.0,0.0,ppm,0.0,,15.0,18.6,
P2-Time,P2,Single Green Inhibitor,Weight loss,Acid,1.5,50.0,ppm,50.0,,3.0,21.1,21.8
P2-Time,P2,Single Green Inhibitor,Weight loss,Acid,1.5,150.0,ppm,150.0,,3.0,9.8,63.7
P2-Time,P2,Single Green Inhibitor,Weight loss,Acid,1.5,250.0,ppm,250.0,,3.0,6.3,76.6
P2-Time,P2,Single Green Inhibitor,Weight loss,Acid,1.5,350.0,ppm,350.0,,3.0,4.4,83.9
P2-Time,P2,Single Green Inhibitor,Weight loss,Acid,1.5,450.0,ppm,450.0,,3.0,2.0,92.7
P2-Time,P2,Single Green Inhibitor,Weight loss,Acid,1.5,0.0,ppm,0.0,,3.0,27.0,
P2-Time,P2,Single Green Inhibitor,Weight loss,Acid,1.5,50.0,ppm,50.0,,6.0,13.8,47.7
P2-Time,P2,Single Green Inhibitor,Weight loss,Acid,1.5,150.0,ppm,150.0,,6.0,7.4,72.0
P2-Time,P2,Single Green Inhibitor,Weight loss,Acid,1.5,250.0,ppm,250.0,,6.0,5.0,81.1
P2-Time,P2,Single Green Inhibitor,Weight loss,Acid,1.5,350.0,ppm,350.0,,6.0,3.2,88.1
P2-Time,P2,Single Green Inhibitor,Weight loss,Acid,1.5,450.0,ppm,450.0,,6.0,2.1,92.2
P2-Time,P2,Single Green Inhibitor,Weight loss,Acid,1.5,0.0,ppm,0.0,,6.0,26.4,
P2-Time,P2,Single Green Inhibitor,Weight loss,Acid,1.5,50.0,ppm,50.0,,9.0,16.1,44.1
P2-Time,P2,Single Green Inhibitor,Weight loss,Acid,1.5,150.0,ppm,150.0,,9.0,10.1,65.0
P2-Time,P2,Single Green Inhibitor,Weight loss,Acid,1.5,250.0,ppm,250.0,,9.0,7.5,74.1
P2-Time,P2,Single Green Inhibitor,Weight loss,Acid,1.5,350.0,ppm,350.0,,9.0,5.7,80.1
P2-Time,P2,Single Green Inhibitor,Weight loss,Acid,1.5,450.0,ppm,450.0,,9.0,3.1,89.2
P2-Time,P2,Single Green Inhibitor,Weight loss,Acid,1.5,0.0,ppm,0.0,,9.0,28.8,
P2-Time,P2,Single Green Inhibitor,Weight loss,Acid,1.5,50.0,ppm,50.0,,12.0,20.8,39.0
P2-Time,P2,Single Green Inhibitor,Weight loss,Acid,1.5,150.0,ppm,150.0,,12.0,13.3,61.0
P2-Time,P2,Single Green Inhibitor,Weight loss,Acid,1.5,250.0,ppm,250.0,,12.0,11.3,67.0
P2-Time,P2,Single Green Inhibitor,Weight loss,Acid,1.5,350.0,ppm,350.0,,12.0,8.2,76.0
P2-Time,P2,Single Green Inhibitor,Weight loss,Acid,1.5,450.0,ppm,450.0,,12.0,3.4,90.0
P2-Time,P2,Single Green Inhibitor,Weight loss,Acid,1.5,0.0,ppm,0.0,,12.0,34.2,
P2-Time,P2,Single Green Inhibitor,Weight loss,Acid,1.5,50.0,ppm,50.0,,15.0,16.0,36.0
P2-Time,P2,Single Green Inhibitor,Weight loss,Acid,1.5,150.0,ppm,150.0,,15.0,10.0,60.0
P2-Time,P2,Single Green Inhibitor,Weight loss,Acid,1.5,250.0,ppm,250.0,,15.0,7.9,68.3
P2-Time,P2,Single Green Inhibitor,Weight loss,Acid,1.5,350.0,ppm,350.0,,15.0,6.1,75.5
P2-Time,P2,Single Green Inhibitor,Weight loss,Acid,1.5,450.0,ppm,450.0,,15.0,3.9,84.5
P2-Time,P2,Single Green Inhibitor,Weight loss,Acid,1.5,0.0,ppm,0.0,,15.0,25.0,
P3-Okro-Acid,P3,Okro Leaf Extract,Tafel (electrochemical),Acid,1.75,50.0,ppm,50.0,30.0,,87.7385,
P3-Okro-Acid,P3,Okro Leaf Extract,Tafel (electrochemical),Acid,1.0,125.0,ppm,125.0,60.0,,78.3086,
P3-Okro-Acid,P3,Okro Leaf Extract,Tafel (electrochemical),Acid,1.0,125.0,ppm,125.0,30.0,,64.4212,
P3-Okro-Acid,P3,Okro Leaf Extract,Tafel (electrochemical),Acid,1.75,50.0,ppm,50.0,60.0,,85.7556,
P3-Okro-Acid,P3,Okro Leaf Extract,Tafel (electrochemical),Acid,1.0,200.0,ppm,200.0,45.0,,37.2908,
P3-Okro-Acid,P3,Okro Leaf Extract,Tafel (electrochemical),Acid,1.75,125.0,ppm,125.0,45.0,,124.736,
P3-Okro-Acid,P3,Okro Leaf Extract,Tafel (electrochemical),Acid,1.75,125.0,ppm,125.0,45.0,,101.784,
P3-Okro-Acid,P3,Okro Leaf Extract,Tafel (electrochemical),Acid,1.75,200.0,ppm,200.0,30.0,,52.043,
P3-Okro-Acid,P3,Okro Leaf Extract,Tafel (electrochemical),Acid,2.5,125.0,ppm,125.0,30.0,,35.0681,
P3-Okro-Acid,P3,Okro Leaf Extract,Tafel (electrochemical),Acid,2.5,200.0,ppm,200.0,45.0,,71.0609,
P3-Okro-Acid,P3,Okro Leaf Extract,Tafel (electrochemical),Acid,2.5,50.0,ppm,50.0,45.0,,94.8582,
P3-Okro-Acid,P3,Okro Leaf Extract,Tafel (electrochemical),Acid,1.75,200.0,ppm,200.0,60.0,,89.793579,
P3-Okro-Acid,P3,Okro Leaf Extract,Tafel (electrochemical),Acid,1.75,125.0,ppm,125.0,45.0,,111.142,
P3-Okro-Acid,P3,Okro Leaf Extract,Tafel (electrochemical),Acid,2.5,125.0,ppm,125.0,60.0,,85.0757,
P3-Okro-Acid,P3,Okro Leaf Extract,Tafel (electrochemical),Acid,1.75,125.0,ppm,125.0,45.0,,101.1982,
P3-Okro-Acid,P3,Okro Leaf Extract,Tafel (electrochemical),Acid,1.75,125.0,ppm,125.0,45.0,,124.123,
P3-Okro-Acid,P3,Okro Leaf Extract,Tafel (electrochemical),Acid,1.0,50.0,ppm,50.0,45.0,,85.492,
P3-Okro-Basic,P3,Okro Leaf Extract,Tafel (electrochemical),Basic,1.75,50.0,ppm,50.0,30.0,,0.00205164,
P3-Okro-Basic,P3,Okro Leaf Extract,Tafel (electrochemical),Basic,1.0,125.0,ppm,125.0,60.0,,0.0889687,
P3-Okro-Basic,P3,Okro Leaf Extract,Tafel (electrochemical),Basic,1.0,125.0,ppm,125.0,30.0,,0.00579794,
P3-Okro-Basic,P3,Okro Leaf Extract,Tafel (electrochemical),Basic,1.75,50.0,ppm,50.0,60.0,,44.9659,
P3-Okro-Basic,P3,Okro Leaf Extract,Tafel (electrochemical),Basic,1.0,200.0,ppm,200.0,45.0,,91.2638,
P3-Okro-Basic,P3,Okro Leaf Extract,Tafel (electrochemical),Basic,1.75,125.0,ppm,125.0,45.0,,2.5651,
P3-Okro-Basic,P3,Okro Leaf Extract,Tafel (electrochemical),Basic,1.75,125.0,ppm,125.0,45.0,,87.6944,
P3-Okro-Basic,P3,Okro Leaf Extract,Tafel (electrochemical),Basic,1.75,200.0,ppm,200.0,30.0,,69.0226,
P3-Okro-Basic,P3,Okro Leaf Extract,Tafel (electrochemical),Basic,2.5,125.0,ppm,125.0,30.0,,885.788,
P3-Okro-Basic,P3,Okro Leaf Extract,Tafel (electrochemical),Basic,2.5,200.0,ppm,200.0,45.0,,4.20204e-13,
P3-Okro-Basic,P3,Okro Leaf Extract,Tafel (electrochemical),Basic,2.5,50.0,ppm,50.0,45.0,,-1.05051e-13,
P3-Okro-Basic,P3,Okro Leaf Extract,Tafel (electrochemical),Basic,1.75,200.0,ppm,200.0,60.0,,8.40407e-13,
P3-Okro-Basic,P3,Okro Leaf Extract,Tafel (electrochemical),Basic,1.75,125.0,ppm,125.0,45.0,,0.0,
P3-Okro-Basic,P3,Okro Leaf Extract,Tafel (electrochemical),Basic,2.5,125.0,ppm,125.0,60.0,,-8.40407e-13,
P3-Okro-Basic,P3,Okro Leaf Extract,Tafel (electrochemical),Basic,1.75,125.0,ppm,125.0,45.0,,-42.0732,
P3-Okro-Basic,P3,Okro Leaf Extract,Tafel (electrochemical),Basic,1.75,125.0,ppm,125.0,45.0,,81.2853,
P3-Okro-Basic,P3,Okro Leaf Extract,Tafel (electrochemical),Basic,1.0,50.0,ppm,50.0,45.0,,-4.52103,
