Study,Dose_Value,actual_IE,predicted_IE_from_CR,abs_diff
P2-Temperature,50.0,32.7,32.61802575107296,0.08197424892703964
P2-Temperature,150.0,38.3,38.197424892703864,0.10257510729613273
P2-Temperature,250.0,57.0,57.08154506437768,0.0815450643776785
P2-Temperature,350.0,82.7,82.83261802575107,0.1326180257510714
P2-Temperature,450.0,90.8,90.98712446351931,0.18712446351931078
P2-Temperature,50.0,31.1,30.971659919028333,0.12834008097166816
P2-Temperature,150.0,35.0,35.020242914979754,0.020242914979753834
P2-Temperature,250.0,55.9,55.87044534412955,0.0295546558704487
P2-Temperature,350.0,78.0,77.93522267206477,0.06477732793523217
P2-Temperature,450.0,79.9,79.95951417004049,0.05951417004048665
P2-Temperature,50.0,22.0,21.91235059760956,0.08764940239043995
P2-Temperature,150.0,23.0,22.974767596281538,0.025232403718462137
P2-Temperature,250.0,39.0,39.04382470119522,0.04382470119521997
P2-Temperature,350.0,53.0,52.98804780876494,0.011952191235060639
P2-Temperature,450.0,64.0,64.01062416998671,0.010624169986712673
P2-Temperature,50.0,19.0,18.933969769291963,0.06603023070803715
P2-Temperature,150.0,20.0,19.968178202068422,0.03182179793157758
P2-Temperature,250.0,31.0,31.026252983293556,0.026252983293556298
P2-Temperature,350.0,41.0,41.05011933174225,0.050119331742251916
P2-Temperature,450.0,46.0,45.98249801113762,0.01750198886237797
P2-Temperature,50.0,13.1,13.045738045738043,0.0542619542619569
P2-Temperature,150.0,13.0,12.993762993762994,0.006237006237006071
P2-Temperature,250.0,19.0,19.022869022869017,0.02286902286901693
P2-Temperature,350.0,28.0,28.014553014553016,0.014553014553015942
P2-Temperature,450.0,31.0,30.977130977130972,0.02286902286902759
P2-Temperature,50.0,35.0,34.934934934934944,0.06506506506505616
P2-Temperature,150.0,37.9,37.937937937937946,0.0379379379379472
P2-Temperature,250.0,67.0,66.96696696696696,0.03303303303303551
P2-Temperature,350.0,74.0,73.97397397397397,0.02602602602603099
P2-Temperature,450.0,85.0,84.98498498498499,0.01501501501500968
P2-Temperature,50.0,34.0,33.93501805054151,0.06498194945849178
P2-Temperature,150.0,34.4,34.47653429602888,0.07653429602888195
P2-Temperature,250.0,66.0,66.06498194945848,0.06498194945848468
P2-Temperature,350.0,71.3,71.29963898916968,0.00036101083031780945
P2-Temperature,450.0,80.0,79.96389891696751,0.03610108303249149
P2-Temperature,50.0,20.0,19.945602901178606,0.05439709882139354
P2-Temperature,150.0,23.0,22.937443336355393,0.06255666364460666
P2-Temperature,250.0,41.0,40.97914777878513,0.020852221214866518
P2-Temperature,350.0,54.0,54.03445149592021,0.034451495920208686
P2-Temperature,450.0,61.8,61.83136899365367,0.03136899365367185
P2-Temperature,50.0,16.0,16.006984866123396,0.006984866123396216
P2-Temperature,150.0,18.0,17.986030267753204,0.013969732246795985
P2-Temperature,250.0,29.0,28.987194412107105,0.012805587892895431
P2-Temperature,350.0,81.1,81.08265424912689,0.01734575087310475
P2-Temperature,450.0,41.0,40.977881257275904,0.022118742724096307
P2-Temperature,50.0,9.0,8.99344848123883,0.0065515187611708825
P2-Temperature,150.0,11.0,10.98868374032163,0.011316259678370244
P2-Temperature,250.0,15.0,15.008933889219783,0.008933889219782998
P2-Temperature,350.0,17.0,17.004169148302566,0.004169148302565873
P2-Temperature,450.0,32.0,32.013103037522335,0.01310303752233466
P2-Temperature,50.0,47.7,47.72727272727273,0.027272727272723785
P2-Temperature,150.0,72.0,71.96969696969697,0.030303030303031164
P2-Temperature,250.0,81.1,81.06060606060606,0.03939393939393199
P2-Temperature,350.0,88.1,87.87878787878788,0.22121212121211897
P2-Temperature,450.0,92.2,92.04545454545455,0.1545454545454561
P2-Temperature,50.0,45.0,44.96969696969697,0.030303030303031164
P2-Temperature,150.0,70.1,70.06060606060606,0.03939393939393199
P2-Temperature,250.0,77.0,77.0909090909091,0.09090909090909349
P2-Temperature,350.0,87.7,87.63636363636364,0.0636363636363626
P2-Temperature,450.0,90.0,89.93939393939394,0.06060606060606233
P2-Temperature,50.0,35.0,35.011441647597245,0.011441647597244753
P2-Temperature,150.0,49.0,48.970251716247134,0.0297482837528662
P2-Temperature,250.0,53.0,53.01296720061023,0.012967200610226826
P2-Temperature,350.0,66.0,65.98016781083143,0.019832189168567993
P2-Temperature,450.0,71.0,71.01449275362319,0.014492753623187582
P2-Temperature,50.0,19.0,18.972951783614274,0.027048216385725965
P2-Temperature,150.0,22.0,22.030576244609954,0.030576244609953562
P2-Temperature,250.0,27.0,27.009016072128578,0.00901607212857769
P2-Temperature,350.0,27.0,27.009016072128578,0.00901607212857769
P2-Temperature,450.0,29.0,29.008232065856525,0.00823206585652514
P2-Temperature,50.0,8.3,8.27814569536424,0.021854304635761324
P2-Temperature,150.0,7.3,7.265290222049075,0.03470977795092445
P2-Temperature,250.0,11.3,11.316712115309693,0.01671211530969252
P2-Temperature,350.0,12.3,12.310089598753407,0.010089598753406648
P2-Temperature,450.0,22.4,22.39968835216206,0.0003116478379396881
P2-Time,50.0,26.3,26.190476190476197,0.1095238095238038
P2-Time,150.0,41.0,41.02564102564102,0.025641025641021997
P2-Time,250.0,59.8,59.70695970695971,0.09304029304028916
P2-Time,350.0,90.4,90.47619047619048,0.07619047619047592
P2-Time,450.0,95.6,95.6043956043956,0.004395604395611485
P2-Time,50.0,32.7,32.61802575107296,0.08197424892703964
P2-Time,150.0,38.3,38.197424892703864,0.10257510729613273
P2-Time,250.0,57.0,57.08154506437768,0.0815450643776785
P2-Time,350.0,82.7,82.83261802575107,0.1326180257510714
P2-Time,450.0,90.8,90.98712446351931,0.18712446351931078
P2-Time,50.0,29.1,29.223744292237434,0.12374429223743277
P2-Time,150.0,34.1,34.246575342465746,0.146575342465745
P2-Time,250.0,49.0,48.858447488584474,0.14155251141552583
P2-Time,350.0,79.1,78.99543378995433,0.10456621004566102
P2-Time,450.0,77.8,77.62557077625571,0.1744292237442835
P2-Time,50.0,27.2,27.21518987341772,0.0151898734177216
P2-Time,150.0,37.2,37.34177215189873,0.14177215189872783
P2-Time,250.0,40.0,39.87341772151899,0.12658227848100978
P2-Time,350.0,70.0,70.25316455696203,0.25316455696203377
P2-Time,450.0,76.2,75.94936708860759,0.2506329113924153
P2-Time,50.0,29.8,29.51807228915664,0.28192771084336243
P2-Time,150.0,39.0,39.156626506024104,0.15662650602410366
P2-Time,250.0,39.0,39.156626506024104,0.15662650602410366
P2-Time,350.0,73.0,72.89156626506025,0.1084337349397515
P2-Time,450.0,74.9,74.6987951807229,0.20120481927710898
P2-Time,50.0,34.7,34.81481481481481,0.11481481481480671
P2-Time,150.0,38.7,38.88888888888889,0.18888888888889
P2-Time,250.0,69.4,69.25925925925925,0.14074074074075327
P2-Time,350.0,73.4,73.33333333333334,0.06666666666666288
P2-Time,450.0,88.7,88.88888888888889,0.1888888888888829
P2-Time,50.0,35.0,34.934934934934944,0.06506506506505616
P2-Time,150.0,37.9,37.937937937937946,0.0379379379379472
P2-Time,250.0,67.0,66.96696696696696,0.03303303303303551
P2-Time,350.0,74.0,73.97397397397397,0.02602602602603099
P2-Time,450.0,85.0,84.98498498498499,0.01501501501500968
P2-Time,50.0,31.0,30.82191780821918,0.1780821917808204
P2-Time,150.0,36.0,35.95890410958904,0.041095890410957736
P2-Time,250.0,67.0,67.12328767123287,0.12328767123287321
P2-Time,350.0,73.0,72.94520547945204,0.05479452054795786
P2-Time,450.0,80.9,80.82191780821918,0.07808219178082254
P2-Time,50.0,25.0,24.817518248175176,0.18248175182482385
P2-Time,150.0,29.2,29.197080291970806,0.0029197080291929467
P2-Time,250.0,62.5,62.40875912408759,0.09124087591241192
P2-Time,350.0,69.8,69.7080291970803,0.09197080291970394
P2-Time,450.0,75.0,74.81751824817519,0.18248175182480963
P2-Time,50.0,28.1,27.95698924731183,0.14301075268816987
P2-Time,150.0,30.0,30.107526881720435,0.10752688172043534
P2-Time,250.0,63.0,62.903225806451616,0.09677419354838435
P2-Time,350.0,71.2,70.96774193548387,0.23225806451613096
P2-Time,450.0,76.8,76.88172043010752,0.08172043010752361
P2-Time,50.0,21.8,21.851851851851848,0.05185185185184693
P2-Time,150.0,63.7,63.703703703703695,0.0037037037036924403
P2-Time,250.0,76.6,76.66666666666666,0.06666666666666288
P2-Time,350.0,83.9,83.70370370370371,0.1962962962962962
P2-Time,450.0,92.7,92.5925925925926,0.10740740740740762
P2-Time,50.0,47.7,47.72727272727273,0.027272727272723785
P2-Time,150.0,72.0,71.96969696969697,0.030303030303031164
P2-Time,250.0,81.1,81.06060606060606,0.03939393939393199
P2-Time,350.0,88.1,87.87878787878788,0.22121212121211897
P2-Time,450.0,92.2,92.04545454545455,0.1545454545454561
P2-Time,50.0,44.1,44.09722222222222,0.0027777777777799884
P2-Time,150.0,65.0,64.93055555555557,0.06944444444442865
P2-Time,250.0,74.1,73.95833333333334,0.1416666666666515
P2-Time,350.0,80.1,80.20833333333334,0.10833333333334849
P2-Time,450.0,89.2,89.2361111111111,0.036111111111097216
P2-Time,50.0,39.0,39.18128654970761,0.1812865497076075
P2-Time,150.0,61.0,61.111111111111114,0.11111111111111427
P2-Time,250.0,67.0,66.95906432748538,0.040935672514621047
P2-Time,350.0,76.0,76.0233918128655,0.02339181286549774
P2-Time,450.0,90.0,90.05847953216374,0.05847953216374435
P2-Time,50.0,36.0,36.0,0.0
P2-Time,150.0,60.0,60.0,0.0
P2-Time,250.0,68.3,68.4,0.10000000000000853
P2-Time,350.0,75.5,75.6,0.09999999999999432
P2-Time,450.0,84.5,84.4,0.09999999999999432
